Element Type,Details,Timestamp
Header,Cyberpuerta.mx,2024-05-31 01:24:10
Header,¡Somos tu mejor opción!,2024-05-31 01:24:10
Header,Destacados del día ¡no los dejes pasar!,2024-05-31 01:24:10
Header,¡En Cyberpuerta encuentras sólo las mejores marcas!,2024-05-31 01:24:10
Header,Categorías destacadas,2024-05-31 01:24:10
Header,Lo más vendido,2024-05-31 01:24:10
Header,¿Necesitas ayuda con tu compra?,2024-05-31 01:24:10
Header,"Venta de Computadoras, Hardware, Laptops, Monitores & más",2024-05-31 01:24:10
Header,¡Descarga nuestra app y obtén $100!,2024-05-31 01:24:10
Header,,2024-05-31 01:24:10
Header,,2024-05-31 01:24:10
Header,default text,2024-05-31 01:24:10
Header,Advertencia,2024-05-31 01:24:10
Header,,2024-05-31 01:24:10
Header,Vincular con,2024-05-31 01:24:10
Header,Se ha vinculado tu cuenta exitosamente,2024-05-31 01:24:10
Header,Vincular con,2024-05-31 01:24:10
Header,Se ha vinculado tu cuenta exitosamente,2024-05-31 01:24:10
Header,Vincular con,2024-05-31 01:24:10
Header,¿Deseas vincular tu cuenta?,2024-05-31 01:24:10
Header,Vincular con,2024-05-31 01:24:10
Header,¿Deseas vincular tu cuenta?,2024-05-31 01:24:10
Input Field,"Type: hidden, Name: cl",2024-05-31 01:24:10
Input Field,"Type: text, Name: searchparam",2024-05-31 01:24:10
Input Field,"Type: hidden, Name: unnamed",2024-05-31 01:24:10
Input Field,"Type: hidden, Name: unnamed",2024-05-31 01:24:10
Input Field,"Type: hidden, Name: unnamed",2024-05-31 01:24:10
Input Field,"Type: hidden, Name: unnamed",2024-05-31 01:24:10
Input Field,"Type: hidden, Name: unnamed",2024-05-31 01:24:10
Input Field,"Type: hidden, Name: lang",2024-05-31 01:24:10
Input Field,"Type: hidden, Name: actcontrol",2024-05-31 01:24:10
Input Field,"Type: hidden, Name: pgNr",2024-05-31 01:24:10
Input Field,"Type: hidden, Name: errorDest",2024-05-31 01:24:10
Input Field,"Type: text, Name: user",2024-05-31 01:24:10
Input Field,"Type: password, Name: password",2024-05-31 01:24:10
Input Field,"Type: hidden, Name: foxarticle",2024-05-31 01:24:10
Input Field,"Type: hidden, Name: wishlist_list_index1",2024-05-31 01:24:10
Input Field,"Type: hidden, Name: lang",2024-05-31 01:24:10
Input Field,"Type: hidden, Name: actcontrol",2024-05-31 01:24:10
Input Field,"Type: hidden, Name: cl",2024-05-31 01:24:10
Input Field,"Type: hidden, Name: fnc",2024-05-31 01:24:10
Input Field,"Type: hidden, Name: aid",2024-05-31 01:24:10
Input Field,"Type: hidden, Name: removecompare",2024-05-31 01:24:10
Input Field,"Type: hidden, Name: am",2024-05-31 01:24:10
Input Field,"Type: hidden, Name: actcontrol",2024-05-31 01:24:10
Input Field,"Type: hidden, Name: lang",2024-05-31 01:24:10
Input Field,"Type: hidden, Name: pgNr",2024-05-31 01:24:10
Input Field,"Type: hidden, Name: cl",2024-05-31 01:24:10
Input Field,"Type: hidden, Name: fnc",2024-05-31 01:24:10
Input Field,"Type: hidden, Name: aid",2024-05-31 01:24:10
Input Field,"Type: hidden, Name: anid",2024-05-31 01:24:10
Input Field,"Type: hidden, Name: am",2024-05-31 01:24:10
Input Field,"Type: hidden, Name: oxloadid",2024-05-31 01:24:10
Input Field,"Type: hidden, Name: actcontrol",2024-05-31 01:24:10
Input Field,"Type: hidden, Name: lang",2024-05-31 01:24:10
Input Field,"Type: hidden, Name: pgNr",2024-05-31 01:24:10
Input Field,"Type: hidden, Name: cl",2024-05-31 01:24:10
Input Field,"Type: hidden, Name: fnc",2024-05-31 01:24:10
Input Field,"Type: hidden, Name: aid",2024-05-31 01:24:10
Input Field,"Type: hidden, Name: anid",2024-05-31 01:24:10
Input Field,"Type: hidden, Name: am",2024-05-31 01:24:10
Input Field,"Type: hidden, Name: oxloadid",2024-05-31 01:24:10
Input Field,"Type: hidden, Name: actcontrol",2024-05-31 01:24:10
Input Field,"Type: hidden, Name: lang",2024-05-31 01:24:10
Input Field,"Type: hidden, Name: pgNr",2024-05-31 01:24:10
Input Field,"Type: hidden, Name: cl",2024-05-31 01:24:10
Input Field,"Type: hidden, Name: fnc",2024-05-31 01:24:10
Input Field,"Type: hidden, Name: aid",2024-05-31 01:24:10
Input Field,"Type: hidden, Name: anid",2024-05-31 01:24:10
Input Field,"Type: hidden, Name: am",2024-05-31 01:24:10
Input Field,"Type: hidden, Name: oxloadid",2024-05-31 01:24:10
Input Field,"Type: hidden, Name: actcontrol",2024-05-31 01:24:10
Input Field,"Type: hidden, Name: lang",2024-05-31 01:24:10
Input Field,"Type: hidden, Name: pgNr",2024-05-31 01:24:10
Input Field,"Type: hidden, Name: cl",2024-05-31 01:24:10
Input Field,"Type: hidden, Name: fnc",2024-05-31 01:24:10
Input Field,"Type: hidden, Name: aid",2024-05-31 01:24:10
Input Field,"Type: hidden, Name: anid",2024-05-31 01:24:10
Input Field,"Type: hidden, Name: am",2024-05-31 01:24:10
Input Field,"Type: hidden, Name: oxloadid",2024-05-31 01:24:10
Input Field,"Type: hidden, Name: actcontrol",2024-05-31 01:24:10
Input Field,"Type: hidden, Name: lang",2024-05-31 01:24:10
Input Field,"Type: hidden, Name: pgNr",2024-05-31 01:24:10
Input Field,"Type: hidden, Name: cl",2024-05-31 01:24:10
Input Field,"Type: hidden, Name: fnc",2024-05-31 01:24:10
Input Field,"Type: hidden, Name: aid",2024-05-31 01:24:10
Input Field,"Type: hidden, Name: anid",2024-05-31 01:24:10
Input Field,"Type: hidden, Name: am",2024-05-31 01:24:10
Input Field,"Type: hidden, Name: oxloadid",2024-05-31 01:24:10
Input Field,"Type: hidden, Name: actcontrol",2024-05-31 01:24:10
Input Field,"Type: hidden, Name: lang",2024-05-31 01:24:10
Input Field,"Type: hidden, Name: pgNr",2024-05-31 01:24:10
Input Field,"Type: hidden, Name: cl",2024-05-31 01:24:10
Input Field,"Type: hidden, Name: fnc",2024-05-31 01:24:10
Input Field,"Type: hidden, Name: aid",2024-05-31 01:24:10
Input Field,"Type: hidden, Name: anid",2024-05-31 01:24:10
Input Field,"Type: hidden, Name: am",2024-05-31 01:24:10
Input Field,"Type: hidden, Name: oxloadid",2024-05-31 01:24:10
Input Field,"Type: hidden, Name: actcontrol",2024-05-31 01:24:10
Input Field,"Type: hidden, Name: lang",2024-05-31 01:24:10
Input Field,"Type: hidden, Name: pgNr",2024-05-31 01:24:10
Input Field,"Type: hidden, Name: cl",2024-05-31 01:24:10
Input Field,"Type: hidden, Name: fnc",2024-05-31 01:24:10
Input Field,"Type: hidden, Name: aid",2024-05-31 01:24:10
Input Field,"Type: hidden, Name: anid",2024-05-31 01:24:10
Input Field,"Type: hidden, Name: am",2024-05-31 01:24:10
Input Field,"Type: hidden, Name: oxloadid",2024-05-31 01:24:10
Input Field,"Type: hidden, Name: actcontrol",2024-05-31 01:24:10
Input Field,"Type: hidden, Name: lang",2024-05-31 01:24:10
Input Field,"Type: hidden, Name: pgNr",2024-05-31 01:24:10
Input Field,"Type: hidden, Name: cl",2024-05-31 01:24:10
Input Field,"Type: hidden, Name: fnc",2024-05-31 01:24:10
Input Field,"Type: hidden, Name: aid",2024-05-31 01:24:10
Input Field,"Type: hidden, Name: anid",2024-05-31 01:24:10
Input Field,"Type: hidden, Name: am",2024-05-31 01:24:10
Input Field,"Type: hidden, Name: oxloadid",2024-05-31 01:24:10
Input Field,"Type: hidden, Name: actcontrol",2024-05-31 01:24:10
Input Field,"Type: hidden, Name: lang",2024-05-31 01:24:10
Input Field,"Type: hidden, Name: pgNr",2024-05-31 01:24:10
Input Field,"Type: hidden, Name: cl",2024-05-31 01:24:10
Input Field,"Type: hidden, Name: fnc",2024-05-31 01:24:10
Input Field,"Type: hidden, Name: aid",2024-05-31 01:24:10
Input Field,"Type: hidden, Name: anid",2024-05-31 01:24:10
Input Field,"Type: hidden, Name: am",2024-05-31 01:24:10
Input Field,"Type: hidden, Name: oxloadid",2024-05-31 01:24:10
Input Field,"Type: hidden, Name: actcontrol",2024-05-31 01:24:10
Input Field,"Type: hidden, Name: lang",2024-05-31 01:24:10
Input Field,"Type: hidden, Name: pgNr",2024-05-31 01:24:10
Input Field,"Type: hidden, Name: cl",2024-05-31 01:24:10
Input Field,"Type: hidden, Name: fnc",2024-05-31 01:24:10
Input Field,"Type: hidden, Name: aid",2024-05-31 01:24:10
Input Field,"Type: hidden, Name: anid",2024-05-31 01:24:10
Input Field,"Type: hidden, Name: am",2024-05-31 01:24:10
Input Field,"Type: hidden, Name: oxloadid",2024-05-31 01:24:10
Input Field,"Type: hidden, Name: actcontrol",2024-05-31 01:24:10
Input Field,"Type: hidden, Name: lang",2024-05-31 01:24:10
Input Field,"Type: hidden, Name: pgNr",2024-05-31 01:24:10
Input Field,"Type: hidden, Name: cl",2024-05-31 01:24:10
Input Field,"Type: hidden, Name: fnc",2024-05-31 01:24:10
Input Field,"Type: hidden, Name: aid",2024-05-31 01:24:10
Input Field,"Type: hidden, Name: anid",2024-05-31 01:24:10
Input Field,"Type: hidden, Name: am",2024-05-31 01:24:10
Input Field,"Type: hidden, Name: oxloadid",2024-05-31 01:24:10
Input Field,"Type: hidden, Name: actcontrol",2024-05-31 01:24:10
Input Field,"Type: hidden, Name: lang",2024-05-31 01:24:10
Input Field,"Type: hidden, Name: pgNr",2024-05-31 01:24:10
Input Field,"Type: hidden, Name: cl",2024-05-31 01:24:10
Input Field,"Type: hidden, Name: fnc",2024-05-31 01:24:10
Input Field,"Type: hidden, Name: aid",2024-05-31 01:24:10
Input Field,"Type: hidden, Name: anid",2024-05-31 01:24:10
Input Field,"Type: hidden, Name: am",2024-05-31 01:24:10
Input Field,"Type: hidden, Name: oxloadid",2024-05-31 01:24:10
Input Field,"Type: hidden, Name: fnc",2024-05-31 01:24:10
Input Field,"Type: hidden, Name: aid",2024-05-31 01:24:10
Input Field,"Type: hidden, Name: am",2024-05-31 01:24:10
Input Field,"Type: hidden, Name: fnc",2024-05-31 01:24:10
Input Field,"Type: hidden, Name: aid",2024-05-31 01:24:10
Input Field,"Type: hidden, Name: am",2024-05-31 01:24:10
Input Field,"Type: hidden, Name: fnc",2024-05-31 01:24:10
Input Field,"Type: hidden, Name: aid",2024-05-31 01:24:10
Input Field,"Type: hidden, Name: am",2024-05-31 01:24:10
Input Field,"Type: hidden, Name: fnc",2024-05-31 01:24:10
Input Field,"Type: hidden, Name: aid",2024-05-31 01:24:10
Input Field,"Type: hidden, Name: am",2024-05-31 01:24:10
Input Field,"Type: hidden, Name: fnc",2024-05-31 01:24:10
Input Field,"Type: hidden, Name: aid",2024-05-31 01:24:10
Input Field,"Type: hidden, Name: am",2024-05-31 01:24:10
Input Field,"Type: hidden, Name: fnc",2024-05-31 01:24:10
Input Field,"Type: hidden, Name: aid",2024-05-31 01:24:10
Input Field,"Type: hidden, Name: am",2024-05-31 01:24:10
Input Field,"Type: hidden, Name: fnc",2024-05-31 01:24:10
Input Field,"Type: hidden, Name: aid",2024-05-31 01:24:10
Input Field,"Type: hidden, Name: am",2024-05-31 01:24:10
Input Field,"Type: hidden, Name: unnamed",2024-05-31 01:24:10
Input Field,"Type: hidden, Name: unnamed",2024-05-31 01:24:10
Input Field,"Type: hidden, Name: unnamed",2024-05-31 01:24:10
Input Field,"Type: hidden, Name: unnamed",2024-05-31 01:24:10
Input Field,"Type: hidden, Name: unnamed",2024-05-31 01:24:10
Input Field,"Type: hidden, Name: unnamed",2024-05-31 01:24:10
Input Field,"Type: hidden, Name: unnamed",2024-05-31 01:24:10
Input Field,"Type: hidden, Name: unnamed",2024-05-31 01:24:10
Input Field,"Type: hidden, Name: unnamed",2024-05-31 01:24:10
Input Field,"Type: hidden, Name: unnamed",2024-05-31 01:24:10
Input Field,"Type: hidden, Name: unnamed",2024-05-31 01:24:10
Input Field,"Type: hidden, Name: unnamed",2024-05-31 01:24:10
Input Field,"Type: hidden, Name: unnamed",2024-05-31 01:24:10
Input Field,"Type: hidden, Name: unnamed",2024-05-31 01:24:10
Input Field,"Type: hidden, Name: unnamed",2024-05-31 01:24:10
Input Field,"Type: hidden, Name: unnamed",2024-05-31 01:24:10
Input Field,"Type: hidden, Name: unnamed",2024-05-31 01:24:10
Input Field,"Type: hidden, Name: unnamed",2024-05-31 01:24:10
Input Field,"Type: hidden, Name: unnamed",2024-05-31 01:24:10
Input Field,"Type: hidden, Name: unnamed",2024-05-31 01:24:10
Input Field,"Type: hidden, Name: unnamed",2024-05-31 01:24:10
Input Field,"Type: hidden, Name: unnamed",2024-05-31 01:24:10
Input Field,"Type: hidden, Name: unnamed",2024-05-31 01:24:10
Input Field,"Type: hidden, Name: lang",2024-05-31 01:24:10
Input Field,"Type: hidden, Name: actcontrol",2024-05-31 01:24:10
Input Field,"Type: hidden, Name: sourcecl",2024-05-31 01:24:10
Input Field,"Type: hidden, Name: cl",2024-05-31 01:24:10
Input Field,"Type: hidden, Name: pgNr",2024-05-31 01:24:10
Input Field,"Type: hidden, Name: place",2024-05-31 01:24:10
Input Field,"Type: hidden, Name: parentlink",2024-05-31 01:24:10
Button,Buscar,2024-05-31 01:24:10
Button,Iniciar sesión,2024-05-31 01:24:10
Button,Agregar,2024-05-31 01:24:10
Button,Agregar,2024-05-31 01:24:10
Button,Agregar,2024-05-31 01:24:10
Button,Agregar,2024-05-31 01:24:10
Button,Agregar,2024-05-31 01:24:10
Button,Agregar,2024-05-31 01:24:10
Button,Agregar,2024-05-31 01:24:10
Button,Agregar,2024-05-31 01:24:10
Button,Agregar,2024-05-31 01:24:10
Button,Agregar,2024-05-31 01:24:10
Button,Agregar,2024-05-31 01:24:10
Button,Agregar,2024-05-31 01:24:10
Button,+,2024-05-31 01:24:10
Button,+,2024-05-31 01:24:10
Button,+,2024-05-31 01:24:10
Button,+,2024-05-31 01:24:10
Button,+,2024-05-31 01:24:10
Button,+,2024-05-31 01:24:10
Button,+,2024-05-31 01:24:10
Button,Conocer más,2024-05-31 01:24:10
Button,,2024-05-31 01:24:10
Button,,2024-05-31 01:24:10
Button,close,2024-05-31 01:24:10
Button,Cerrar,2024-05-31 01:24:10
Button,Ir a configuración,2024-05-31 01:24:10
Button,Cerrar,2024-05-31 01:24:10
Button,Ir a configuración,2024-05-31 01:24:10
Button,Cerrar,2024-05-31 01:24:10
Button,"No, regresar",2024-05-31 01:24:10
Button,"Si, proceder",2024-05-31 01:24:10
Button,"No, regresar",2024-05-31 01:24:10
Button,"Si, proceder",2024-05-31 01:24:10
